{
  "generated_at": "2026-06-02T17:32:18.324358+00:00",
  "days": 29,
  "universe": [
    "HYPEUSDT",
    "ZECUSDT",
    "LABUSDT",
    "WLDUSDT",
    "XAUUSDT",
    "MUUSDT",
    "NEARUSDT",
    "XAGUSDT",
    "CLUSDT",
    "DOGEUSDT",
    "MRVLUSDT",
    "HUSDT",
    "XLMUSDT",
    "EDGEUSDT",
    "SNDKUSDT",
    "SUIUSDT",
    "SKYAIUSDT",
    "1000PEPEUSDT",
    "TONUSDT",
    "ADAUSDT",
    "HOMEUSDT",
    "BZUSDT",
    "NVDAUSDT",
    "INTCUSDT",
    "ENAUSDT",
    "PORTALUSDT",
    "ONDOUSDT",
    "TAOUSDT",
    "ESPORTSUSDT",
    "INJUSDT",
    "LINKUSDT",
    "EPICUSDT",
    "AVAXUSDT",
    "SOXLUSDT",
    "FILUSDT",
    "FETUSDT",
    "ALLOUSDT",
    "CRCLUSDT",
    "PIEVERSEUSDT",
    "JTOUSDT",
    "ICPUSDT",
    "PUMPUSDT",
    "ASTERUSDT",
    "LTCUSDT",
    "EWYUSDT",
    "BCHUSDT",
    "UBUSDT",
    "DOTUSDT",
    "USUSDT",
    "RENDERUSDT"
  ],
  "n_aligned": 50,
  "strict": {
    "events_total": 35,
    "shorts": 26,
    "longs": 9,
    "filter": {
      "funding_pctile": 95.0,
      "oi_z_threshold": 2.0
    },
    "fwd_1d": {
      "all": {
        "n": 35,
        "mean_bps": 35.390361004658374,
        "median_bps": -85.47008547008517,
        "win_rate": 0.45714285714285713,
        "std_bps": 1375.5147379798227
      },
      "half0": {
        "n": 13,
        "mean_bps": 96.5575596732651,
        "median_bps": 31.255662257655416,
        "win_rate": 0.6153846153846154,
        "std_bps": 360.75446915284215
      },
      "half1": {
        "n": 22,
        "mean_bps": -0.7538927540637598,
        "median_bps": -112.82313237212738,
        "win_rate": 0.36363636363636365,
        "std_bps": 1727.7880446116405
      },
      "shorts": {
        "n": 26,
        "mean_bps": -133.8779343165433,
        "median_bps": -100.1806261707261,
        "win_rate": 0.4230769230769231,
        "std_bps": 968.3901081919978
      },
      "longs": {
        "n": 9,
        "mean_bps": 524.3876585992409,
        "median_bps": 263.38329764453937,
        "win_rate": 0.5555555555555556,
        "std_bps": 2179.102197700043
      },
      "baseline_bps": 200.63299911356484,
      "lift_bps": -165.24263810890648
    },
    "fwd_3d": {
      "all": {
        "n": 35,
        "mean_bps": 345.7165205550933,
        "median_bps": 75.7575757575757,
        "win_rate": 0.6,
        "std_bps": 1564.826844179115
      },
      "half0": {
        "n": 13,
        "mean_bps": 217.06921717161975,
        "median_bps": 34.9888671786247,
        "win_rate": 0.6153846153846154,
        "std_bps": 711.7883912477143
      },
      "half1": {
        "n": 22,
        "mean_bps": 421.7353816453279,
        "median_bps": 263.1676889630053,
        "win_rate": 0.5909090909090909,
        "std_bps": 1912.7793846102243
      },
      "shorts": {
        "n": 26,
        "mean_bps": 261.54062572957724,
        "median_bps": 40.04055064693035,
        "win_rate": 0.5769230769230769,
        "std_bps": 837.2475053236121
      },
      "longs": {
        "n": 9,
        "mean_bps": 588.8913278288067,
        "median_bps": 328.6937901498921,
        "win_rate": 0.6666666666666666,
        "std_bps": 2850.7500800809194
      },
      "baseline_bps": 464.3197815184039,
      "lift_bps": -118.60326096331056
    },
    "gate": {
      "lift_1d_ge_100bps": false,
      "positive_both_halves": "False"
    },
    "verdict": "FAIL \u2014 lift < 100bps; do NOT build full simulator"
  },
  "events": [
    {
      "symbol": "ZECUSDT",
      "ts_ms": 1779350399999,
      "funding_rate": -0.00051705,
      "oi_z": 4.265345849827797,
      "side": 1,
      "ret_1d": -0.013784800601956304,
      "ret_3d": -0.05437170805116631,
      "half": 0
    },
    {
      "symbol": "WLDUSDT",
      "ts_ms": 1779321599999,
      "funding_rate": -0.00038951,
      "oi_z": 2.097549908412197,
      "side": 1,
      "ret_1d": 0.08397254743641502,
      "ret_3d": 0.210335082761405,
      "half": 0
    },
    {
      "symbol": "MUUSDT",
      "ts_ms": 1779292799999,
      "funding_rate": 0.00044799,
      "oi_z": 2.6076388503352437,
      "side": -1,
      "ret_1d": -0.0224457457802274,
      "ret_3d": -0.038704788150189406,
      "half": 0
    },
    {
      "symbol": "MRVLUSDT",
      "ts_ms": 1779811199999,
      "funding_rate": 0.00100504,
      "oi_z": 2.8624269553261863,
      "side": -1,
      "ret_1d": 0.014020085512578273,
      "ret_3d": -0.008352391369195633,
      "half": 1
    },
    {
      "symbol": "MRVLUSDT",
      "ts_ms": 1779868799999,
      "funding_rate": 0.00106753,
      "oi_z": 3.619477773485764,
      "side": -1,
      "ret_1d": 0.09233198643815888,
      "ret_3d": 0.04426176211044541,
      "half": 1
    },
    {
      "symbol": "MRVLUSDT",
      "ts_ms": 1779897599999,
      "funding_rate": 0.00064881,
      "oi_z": 3.5919801689126447,
      "side": -1,
      "ret_1d": -0.01013513513513531,
      "ret_3d": -0.0351956434045988,
      "half": 1
    },
    {
      "symbol": "MRVLUSDT",
      "ts_ms": 1779926399999,
      "funding_rate": 0.00112961,
      "oi_z": 4.167629108920136,
      "side": -1,
      "ret_1d": -0.03729401561144852,
      "ret_3d": -0.04749757665425225,
      "half": 1
    },
    {
      "symbol": "MRVLUSDT",
      "ts_ms": 1779983999999,
      "funding_rate": 0.0010193,
      "oi_z": 4.201090163730759,
      "side": -1,
      "ret_1d": -0.012429491339290166,
      "ret_3d": -0.01976738381670229,
      "half": 1
    },
    {
      "symbol": "MRVLUSDT",
      "ts_ms": 1780012799999,
      "funding_rate": 0.00064055,
      "oi_z": 3.2968769086590832,
      "side": -1,
      "ret_1d": -0.003737950029510273,
      "ret_3d": -0.01539445209521939,
      "half": 1
    },
    {
      "symbol": "SKYAIUSDT",
      "ts_ms": 1779955199999,
      "funding_rate": 0.00037166,
      "oi_z": 2.9395710882189365,
      "side": -1,
      "ret_1d": -0.08780379781874537,
      "ret_3d": 0.01976415877761184,
      "half": 1
    },
    {
      "symbol": "HOMEUSDT",
      "ts_ms": 1779263999999,
      "funding_rate": -0.00048909,
      "oi_z": 13.184735100377868,
      "side": 1,
      "ret_1d": 0.056117799414840075,
      "ret_3d": 0.09712696052568459,
      "half": 0
    },
    {
      "symbol": "HOMEUSDT",
      "ts_ms": 1779292799999,
      "funding_rate": -0.00067156,
      "oi_z": 15.332301394515182,
      "side": 1,
      "ret_1d": 0.05065742074927959,
      "ret_3d": 0.014634365994236509,
      "half": 0
    },
    {
      "symbol": "BZUSDT",
      "ts_ms": 1779580799999,
      "funding_rate": -0.00133346,
      "oi_z": 3.050246044081103,
      "side": 1,
      "ret_1d": 0.026338329764453938,
      "ret_3d": 0.03286937901498921,
      "half": 1
    },
    {
      "symbol": "NVDAUSDT",
      "ts_ms": 1779263999999,
      "funding_rate": 0.00053389,
      "oi_z": 2.5673699364205618,
      "side": -1,
      "ret_1d": 0.0027321180633314013,
      "ret_3d": 0.04277332377838494,
      "half": 0
    },
    {
      "symbol": "NVDAUSDT",
      "ts_ms": 1779321599999,
      "funding_rate": 0.00034823,
      "oi_z": 12.059829406667454,
      "side": -1,
      "ret_1d": 0.0031255662257655414,
      "ret_3d": 0.0030802681645224483,
      "half": 0
    },
    {
      "symbol": "NVDAUSDT",
      "ts_ms": 1779379199999,
      "funding_rate": 0.00031766,
      "oi_z": 8.464215876267298,
      "side": -1,
      "ret_1d": 0.009792757913914873,
      "ret_3d": 0.0045092234115236,
      "half": 0
    },
    {
      "symbol": "NVDAUSDT",
      "ts_ms": 1779407999999,
      "funding_rate": 0.00038986,
      "oi_z": 3.9642554797718454,
      "side": -1,
      "ret_1d": 0.025491888944426666,
      "ret_3d": 0.0034988867178624705,
      "half": 0
    },
    {
      "symbol": "NVDAUSDT",
      "ts_ms": 1779465599999,
      "funding_rate": 0.000375,
      "oi_z": 3.29626824380748,
      "side": -1,
      "ret_1d": 0.006301747930082868,
      "ret_3d": -0.017387304507819668,
      "half": 0
    },
    {
      "symbol": "NVDAUSDT",
      "ts_ms": 1779523199999,
      "funding_rate": 0.00032611,