{
  "rank_cutoff": 10,
  "approved_bars_total": 5276,
  "joint": {
    "trades": 64,
    "wins": 26,
    "losses": 38,
    "win_rate": 0.40625,
    "total_pnl_usd": -3.476916430381639,
    "avg_pnl_usd": -0.05432681922471311,
    "sharpe": -0.23668732519699362,
    "deflated_sharpe": 0.0,
    "max_drawdown_pct": 3.8732112071693683,
    "annualized_pct": -1.4086154667657838
  }
}